gstin,pan,name,director_name,registered_address,registered_date,declared_turnover
06GKFUA8057E7ZB,GKFUA8057E,Gupta-Natarajan,Akshay Vyas,"72/312, Ghose, Bulandshahr 624217",2023-10-11,2298986.93
09KBEHO3320H1ZT,KBEHO3320H,Bhasin-Dua,Saanvi Issac,"H.No. 387, Bakshi Circle, Burhanpur-781726",2017-11-20,6150294.25
19PEMAE2640E4ZI,PEMAE2640E,Devi and Sons,Deepa Bail,"81/64, Kalita Path, Ambarnath-759599",2025-09-27,9094131.24
36TTTMF5468Y7Z2,TTTMF5468Y,"Ramachandran, Dutt and Palan",Pushti Venkataraman,"04, Kapoor Marg, Etawah 053874",2021-05-21,13479435.12
33HQOWY4180X1ZC,HQOWY4180X,Bera Ltd,Lohit Balay,"30/672, Bath Marg, Karawal Nagar 994148",2024-10-17,982706.34
33EXYPJ9941W5ZS,EXYPJ9941W,"Sarraf, Gupta and Loyal",Brijesh Nanda,"69/278, Rajan Marg, Vadodara-556557",2015-04-13,377514.66
19TYFPQ6963V7ZN,TYFPQ6963V,Ratti-Nath,Nathan Mukhopadhyay,"475, Venkataraman Marg, Tiruppur-520217",2024-10-02,30530058.72
32RKTMF4352W7ZX,RKTMF4352W,Modi-Jhaveri,Siya Deo,"242, Vohra Path, Raipur-213598",2021-07-05,13366840.43
36VOMVJ3572P3ZA,VOMVJ3572P,"Rout, Krishnan and Mitra",Leena Raju,"H.No. 83, Bora Street, Meerut-250385",2022-11-09,33080028.60
36CHKSR9644G9Z0,CHKSR9644G,Seshadri-Sastry,Jai Kapadia,"H.No. 34, Mistry Marg, Khammam 258793",2020-10-25,8964356.42
27ZEKBG8567X4ZR,ZEKBG8567X,"Mutti, More and Chada",Tanveer Wali,"H.No. 636, Mandal Zila, Raiganj-484507",2017-07-29,13085969.00
27MZXJJ5125Q6ZJ,MZXJJ5125Q,Nagy Inc,Harini Mistry,"H.No. 05, Sarna Path, Amaravati-340147",2022-10-02,12296148.65
07HZNDJ0794V8ZN,HZNDJ0794V,Raja PLC,Kabir Choudhry,"H.No. 27, Krishnamurthy Ganj, Muzaffarnagar 307445",2019-02-19,36981395.49
29KZZJA5575S4ZY,KZZJA5575S,Bora-Kala,Nitesh Om,"56, Trivedi Zila, Jehanabad 237797",2018-01-13,1122292.11
33EEDQJ6527H1ZV,EEDQJ6527H,Subramanian Inc,Amol Sinha,"63/314, Vora Ganj, Dehradun-579503",2016-07-20,757572.27
29KVLTL7561Q4ZF,KVLTL7561Q,Srinivas-Tandon,Libni Seshadri,"H.No. 862, Ravel Road, Pune-346847",2025-08-02,4518007.44
29PBDAP6263Z3ZX,PBDAP6263Z,Batra-Nair,Rajata Gaba,"42, Minhas, Siliguri-604623",2024-03-20,909728.61
29GNPPQ5996O5ZQ,GNPPQ5996O,"Korpal, Barad and Mandal",Aarini Bala,"H.No. 932, Om Circle, Gaya-110895",2025-01-27,1516566.45
32INRXW4740K7ZS,INRXW4740K,Date-Kannan,Oeshi Dhar,"31/69, Agarwal, Avadi 707882",2018-03-20,70646789.39
19EQHMB4623U5ZI,EQHMB4623U,Krishnamurthy Ltd,Vidhi Bajwa,"13, Chandra Circle, Anantapuram 575858",2024-09-18,13355710.99
19HUWUF8522H3ZL,HUWUF8522H,"Chana, Roy and Buch",Radhika Rattan,"47/618, Shroff Ganj, Begusarai-083817",2026-06-14,4191956.53
29GVVYC6999A8ZY,GVVYC6999A,"Dar, Thaker and Nagy",Warhi Dayal,"H.No. 085, Choudhry Circle, Sangli-Miraj & Kupwad 943547",2016-03-26,8210312.13
29PAIXO7138T6ZZ,PAIXO7138T,Mitra-Butala,Rajata Sodhi,"791, Nath Chowk, Khora  971904",2024-02-05,18165698.79
06RXXCN1666X7ZI,RXXCN1666X,Shetty Group,Ishani Sachar,"88, Mannan Road, Bulandshahr-135769",2023-12-01,4338427.89
33BQHRC7818K2Z0,BQHRC7818K,"Naik, Zachariah and Salvi",Nikita Narasimhan,"H.No. 18, Prashad Marg, Ghaziabad-771779",2021-06-24,10600599.89
09FHSIZ3547O8Z5,FHSIZ3547O,"Bobal, Dora and Parsa",Champak Vig,"H.No. 359, Amble Ganj, Danapur-540485",2015-08-06,24838888.41
06ITYWK9719V8ZT,ITYWK9719V,Dewan Inc,Chaitanya Vohra,"49/45, Pillai, Gopalpur 460666",2015-04-17,7511899.12
24JMRRI4906Z9ZT,JMRRI4906Z,"Das, Cherian and Manda",Wyatt Biswas,"56/928, Pillai Road, Jamnagar 278678",2026-05-15,122472.27
06KORQI4186S8ZQ,KORQI4186S,Radhakrishnan-Oza,Abhiram Bhat,"09/091, Buch Street, Bahraich-865868",2020-12-09,3160197.83
32YVLUZ5088H4ZN,YVLUZ5088H,"Deshpande, Rattan and Kothari",Alka Chokshi,"H.No. 21, Saraf Path, Noida-030479",2024-08-08,37468687.46
32JAIQK3203T5ZA,JAIQK3203T,"Keer, Deo and Morar",Priya Din,"92/62, Ghose Road, Thane 128505",2019-04-05,3081114.98
32IEWIM0666V1ZW,IEWIM0666V,Vaidya Group,Yashawini Ramanathan,"97, Barman Nagar, Farrukhabad-770914",2026-04-25,7640274.05
24NSFRJ5227E7ZZ,NSFRJ5227E,Sanghvi Ltd,Eiravati Ahluwalia,"H.No. 27, Shanker Nagar, Chittoor-259795",2020-11-08,4463372.58
19PWBTB9121H9ZO,PWBTB9121H,Ghosh-Natarajan,Omya Raman,"H.No. 60, Bumb Road, Ramagundam 410109",2017-12-07,22730140.47
24HZRKI1684Z7ZL,HZRKI1684Z,Kara and Sons,Isaiah Nagar,"H.No. 76, Balakrishnan Chowk, Aligarh-193363",2023-03-07,88176.91
24PSWHE4662L3Z8,PSWHE4662L,Raman-Sengupta,Oni Dhillon,"14/54, Nair Marg, Ujjain 226248",2015-08-06,862456.24
24XLWZB5387V8Z1,XLWZB5387V,"Anand, Das and Dani",Patrick Narayan,"97/80, Sachdeva Ganj, Avadi-189481",2019-06-20,64753614.13
19YPWOX0914C1Z7,YPWOX0914C,"Tripathi, Sharaf and Bhandari",Sai Kothari,"H.No. 01, Sarkar Marg, Kota-827669",2016-09-05,2107994.66
29YOKPR3259U6ZL,YOKPR3259U,Sarma Ltd,Eesha Kalita,"H.No. 260, Nagi Street, Nashik 523990",2015-01-26,17407369.25
32JZNBJ8104J2Z3,JZNBJ8104J,Sur and Sons,Odika Bala,"52, Bhavsar Ganj, Amritsar 767850",2024-01-15,1624050.97
32HBZLV7670G3Z6,HBZLV7670G,"Oommen, Divan and Khurana",Eshana Chakrabarti,"02/79, Goel Road, Nashik 277262",2015-07-19,11178494.02
36GKWSM7196E7ZL,GKWSM7196E,Rajagopal-Subramanian,Vaishnavi Setty,"28, Sankar Nagar, Thrissur 610637",2025-09-07,1705401.29
33QVADX9188S8ZL,QVADX9188S,Morar-Sura,Henry Baria,"H.No. 63, Yohannan Marg, Tumkur-295492",2018-01-26,1671204.19
19HNAJO1894R4Z3,HNAJO1894R,Rege-Memon,Gaurav Bumb,"74/72, Cheema Road, Rajahmundry 100293",2025-10-02,13557148.10
06QEVDV5827M5ZC,QEVDV5827M,Grover-Chaudry,Abhiram Sunder,"46/026, Karnik Marg, Dehradun 711775",2020-06-19,1342624.76
29BUKCF6025X4ZK,BUKCF6025X,"Lata, Rajagopal and Sridhar",Shivansh Saha,"422, Narayanan, Katni 494691",2018-01-31,2150436.90
29MNAKU2652G8Z4,MNAKU2652G,Tandon-Kaur,Gauri Mammen,"H.No. 36, Datta Chowk, Berhampore-345616",2024-05-26,555995.02
32ZKEYV3551D5ZT,ZKEYV3551D,Gaba LLC,Yash Sura,"H.No. 217, Bajwa Path, Bihar Sharif 433234",2025-01-29,31577451.37
06OOXVZ2627W6ZU,OOXVZ2627W,Basak Group,Bimala Setty,"H.No. 265, Pillai Street, Aligarh-043094",2017-06-22,9794609.08
09NKYGG6106H5ZV,NKYGG6106H,Sehgal Group,Adweta Saha,"88/886, Chand Ganj, Jalgaon-745909",2018-01-30,9127477.31
24WHMZR4442S5ZT,WHMZR4442S,"Guha, Madan and Ahuja",Gauri Memon,"50/577, Salvi Street, Bhubaneswar 917461",2018-08-24,32170563.12
36FIDWM3210A3ZC,FIDWM3210A,Wali LLC,Hemal Tank,"H.No. 347, Puri Street, Ludhiana 988067",2017-02-22,2130206.69
06NVIMB2663Z2Z5,NVIMB2663Z,"Andra, Garg and Palla",Madhav D’Alia,"H.No. 345, Sane Circle, Pali-614685",2020-06-25,1786794.71
27YWPKG6423I5ZP,YWPKG6423I,"Jaggi, Varty and Khalsa",Osha Pandit,"H.No. 58, Raghavan Ganj, South Dumdum 745220",2018-03-07,9542791.15
32YPHRB8594P3ZS,YPHRB8594P,Prakash Group,Yadavi Bali,"29, Shah Zila, Guntakal-518188",2022-09-04,5241098.56
07KUNDN2246H3Z9,KUNDN2246H,"Soni, Iyengar and Lala",Riya Dhingra,"H.No. 908, Nagi Street, Siwan-088897",2018-06-22,14145829.28
27HHFVG4007O3Z9,HHFVG4007O,Amble-Patla,Amara Chakrabarti,"74/23, Tak Marg, Panvel-369881",2015-06-17,13042481.25
06YSIUA4309I7ZS,YSIUA4309I,"Kar, Sahota and Bal",Ridhi Konda,"89/737, Hans Road, Gopalpur 487017",2025-09-01,55463856.67
36UQQUQ8631U6ZS,UQQUQ8631U,Varty-Bansal,Edhitha Khalsa,"H.No. 28, Khare Path, Rohtak 040197",2023-06-22,20605127.67
06YAWOK4482U8ZM,YAWOK4482U,Pall Inc,Hemani Sule,"H.No. 270, Sandhu Marg, Vellore 578062",2014-11-26,16001560.58
19WXETD7461B2ZV,WXETD7461B,"Mangal, Batta and Nayak",Pranit Dayal,"201, Khurana Ganj, Silchar 043399",2021-08-16,17387196.21
19UAIYS8806O3ZM,UAIYS8806O,Agarwal-Patla,Hamsini Pall,"896, Luthra Circle, Orai 626454",2023-03-25,3143450.53
09QNKWM7614X4ZC,QNKWM7614X,Kulkarni PLC,Aayush Agate,"79/79, Chatterjee Path, Bally 590991",2014-08-10,37942838.87
29XCJLW8362F3ZL,XCJLW8362F,Sem and Sons,Yashoda Garg,"08/73, Tara Road, Rewa 828434",2019-08-06,5843152.04
27UYQBH0629Z9ZM,UYQBH0629Z,Merchant LLC,Varenya Badami,"29/132, Narang Road, Satna-996075",2025-10-23,10663656.59
24OTESP6090Q1ZX,OTESP6090Q,Lall Ltd,Varsha Joshi,"H.No. 491, Iyengar, Raiganj 234529",2023-12-20,4704339.66
36ALKZI1768O9ZV,ALKZI1768O,Solanki PLC,Neel Dash,"99, Wali Nagar, Bilaspur 862242",2022-08-09,8537441.26
09CTHNA5738X8ZF,CTHNA5738X,Bera Group,Sara Ganesh,"40, Wadhwa Path, Mangalore-720435",2017-12-15,37393892.96
09WQOXU0177Y2Z2,WQOXU0177Y,Trivedi LLC,Neel Apte,"H.No. 538, Dar Nagar, Nagercoil 754070",2017-07-14,14933479.65
07WLHPI7040Z1ZM,WLHPI7040Z,Sampath-Naik,Vasatika Halder,"64/452, Rattan Chowk, Surat 038928",2025-11-01,9597053.32
19BNNON0578A5Z3,BNNON0578A,More Group,Geetika Jani,"686, Bhatti Marg, Kharagpur-653959",2023-03-05,6562081.07
07CHHOM8004V6ZQ,CHHOM8004V,"Naidu, Wali and Tailor",Vedant Soni,"05/64, Ravel Circle, Dhanbad-499885",2022-09-04,40868689.13
36QTNQS4386N6ZP,QTNQS4386N,Deep Group,Ganga Bala,"H.No. 360, Contractor Marg, Berhampore-802487",2015-04-21,2262733.14
36WXSAA1297S3ZU,WXSAA1297S,"Garg, Shetty and Uppal",Dayita Upadhyay,"76, Yogi Path, Raurkela Industrial Township 825015",2018-05-30,3784289.07
06OHQAY8294U4ZZ,OHQAY8294U,"Nagarajan, Dass and Srinivas",Amara Sur,"377, Mitter Path, Rampur-008725",2024-09-04,11608615.06
29RFQIG4045A2ZT,RFQIG4045A,"Vaidya, Taneja and Dugar",Azaan Oza,"462, Ramanathan Chowk, Madanapalle-024505",2017-05-03,805613.56
06KKLTX9607W4ZR,KKLTX9607W,"Mohanty, Narang and Karnik",Reva Munshi,"20/592, Comar Path, Dhanbad-871986",2024-08-30,5774427.46
27AOUGE3452T1ZA,AOUGE3452T,"Verma, Ramesh and Karpe",Arjun Khatri,"66, Raval Circle, Faridabad 703682",2025-09-07,8096049.49
32IERNE2422B8ZA,IERNE2422B,Patel-Sastry,Mitali Sahni,"21/10, Thaker Marg, Muzaffarnagar-163843",2014-09-23,4614709.74
36FDOEB4350Q7Z0,FDOEB4350Q,Ranganathan-Thaker,Shaurya Sodhi,"330, Sheth Zila, Panvel-574574",2023-05-04,383897.13
06HXLBO5407A9Z1,HXLBO5407A,"Korpal, Ravel and Sani",Hemang Barman,"015, Toor Nagar, Malegaon 849048",2020-05-26,16131211.37
33UIKFO6405A5ZW,UIKFO6405A,"Chander, Rajagopal and Mangal",Vihaan Chaudhari,"84/38, Kalita Path, Nagercoil-206388",2019-02-05,14097771.51
24NHMQU6618T6ZC,NHMQU6618T,"Shankar, Bhatti and Nath",Leena Dayal,"61/69, Agrawal Chowk, Kanpur 433459",2025-04-12,7973948.76
07IVZHP2380K3ZI,IVZHP2380K,Loke LLC,Noah Kakar,"44, Sandhu Path, Ichalkaranji 561005",2021-09-15,39895997.02
24LGUEN4502I2Z0,LGUEN4502I,Bahl Inc,Agastya Edwin,"H.No. 174, Baria Nagar, Bhopal 222368",2023-01-03,10619851.60
06BEWIR7278G7ZT,BEWIR7278G,"Bandi, Bhatia and Raman",Veda Krishna,"24, Master Chowk, Kulti-935151",2019-06-10,6304252.31
07LTCRE5015X5ZU,LTCRE5015X,"Chacko, Dasgupta and Memon",Xiti Choudhary,"78/86, Gupta Marg, Meerut 090009",2017-06-21,1552814.07
06FZGPO5493V3ZW,FZGPO5493V,Suri PLC,Harish Chakrabarti,"93/107, Vora Road, Raiganj 841065",2024-07-09,28241884.63
07PAKOX6246F3Z0,PAKOX6246F,Mangal Inc,Luke Vala,"89, Khanna, Kolkata-596778",2018-10-10,15051100.45
19HXTLO5284W2Z8,HXTLO5284W,"Krishnan, Kumar and Pandit",Charita Nath,"H.No. 543, Chacko Path, Jaunpur-152042",2017-06-02,1925721.52
09WDSQN9863B6Z1,WDSQN9863B,"Mahal, Kunda and Kulkarni",Jagdish Dave,"H.No. 150, Ramakrishnan Road, Ramgarh 629987",2024-11-18,6508087.32
24ZZOBG6825L7Z0,ZZOBG6825L,Chowdhury-Badal,Ekaja Babu,"016, Gulati Nagar, Tiruchirappalli-182076",2018-05-01,57344471.39
36CDWBV6853K4ZW,CDWBV6853K,Bhatnagar and Sons,Akshay Madan,"80/738, Sachdev Ganj, Muzaffarpur 179055",2026-02-25,19804160.54
24EKFWU3301S6ZY,EKFWU3301S,"Rastogi, Chokshi and Chada",Jasmit Sharma,"31/395, Borah Nagar, Hapur 164454",2015-11-04,8499448.29
09ZMNED0112B5ZW,ZMNED0112B,"Chanda, Palan and Lall",Upasna Chand,"565, Bhagat Chowk, Raiganj 460577",2021-01-23,1166915.70
09WCMJE3121T6ZF,WCMJE3121T,Krishna-Gulati,Jonathan Loyal,"H.No. 536, Khanna Path, Vijayawada 089072",2021-12-20,970500.40
09UXBWM3889S2ZL,UXBWM3889S,"Luthra, Peri and Agarwal",Charvi Baral,"57/190, Bhalla Road, Satara 016081",2016-12-02,14794098.09
36TPAGA2433J6Z1,TPAGA2433J,Bail Group,Karan Jhaveri,"03/03, Edwin Circle, Hubli–Dharwad 366915",2021-04-01,536579.21
33JKNGJ9556U1ZL,JKNGJ9556U,Kala Ltd,Rachana Borde,"H.No. 333, Nadkarni Ganj, Giridih 389175",2023-12-24,23326.86
24VDOWI0010K9ZF,VDOWI0010K,Sachar-Wable,Wridesh Bobal,"96/39, Pall Nagar, Patiala-532058",2023-09-02,2692051.66
33MRVWL6247X4ZI,MRVWL6247X,Munshi LLC,Omkaar Chana,"09/348, Chanda Marg, Anand-881930",2017-08-18,27317561.60
09CYUCS1498V1Z7,CYUCS1498V,"Sethi, Sidhu and Deep",Nidhi Sura,"570, Mander Ganj, North Dumdum 949482",2017-02-28,25639590.76
32LZYBD0900B3ZV,LZYBD0900B,Bajaj-Ghose,Anmol Saxena,"H.No. 704, Sane Chowk, Eluru-287364",2024-08-17,67412.52
27DVSUH1074S9ZS,DVSUH1074S,Varty-Raju,Alexander Trivedi,"52/77, Nadkarni Zila, Nangloi Jat 413898",2019-04-02,29295212.07
19BJEQX3168S1ZF,BJEQX3168S,Roy-Kapoor,Chaaya Shan,"H.No. 03, Ramakrishnan Zila, Munger-726153",2017-05-04,35167033.21
19VRIIL2456A2ZD,VRIIL2456A,"Chada, Mahajan and Mukhopadhyay",Janya Natarajan,"87, Merchant Ganj, Ludhiana 005825",2017-03-13,6573306.36
27DZZXL2042V2ZG,DZZXL2042V,Sandhu Inc,Amrita Mitra,"90, Pradhan Ganj, Etawah 350471",2022-04-10,620985.42
19KBJMR2991M2ZT,KBJMR2991M,"Mitter, Yadav and Soman",Wahab Zachariah,"555, Mishra Ganj, Machilipatnam 688187",2018-06-15,1198860.89
27HADNB3801L2ZQ,HADNB3801L,Borde LLC,Ekaraj Ravel,"H.No. 028, Nath Ganj, Amaravati-175189",2026-03-31,13176198.61
06IVLUG8073R1Z4,IVLUG8073R,Pandya and Sons,Shravya Mandal,"H.No. 961, Sandhu Circle, Alappuzha 145823",2024-01-31,24578993.95
07ZLWOQ9513D2ZN,ZLWOQ9513D,"Sastry, Nagar and Dhawan",Charvi Garg,"H.No. 226, Dalal Circle, Patna 588080",2017-03-18,5807198.65
27IKVJU9154Y2ZU,IKVJU9154Y,Srivastava Ltd,Irya Om,"28/56, Ahuja Road, Jamalpur-962068",2017-12-05,3230232.77
19POEJW6057P9ZH,POEJW6057P,Ratta Ltd,Nihal Bakshi,"37/41, Sarkar Ganj, Jodhpur-213227",2023-01-11,26167105.35
09NLHMC3089B6ZH,NLHMC3089B,Goda and Sons,Amrita Bobal,"78/394, Atwal, Gandhinagar 196523",2016-07-09,11165355.92
07IIULP1904X2Z5,IIULP1904X,Vaidya Ltd,Isaiah Parikh,"462, Sibal Nagar, Gurgaon 658081",2024-07-09,17125423.87
09NUEGL8390G3ZC,NUEGL8390G,Purohit Group,Panini Shenoy,"78/043, Chana Ganj, Mathura-920143",2024-06-17,9142869.85
33LFGVN6180B4ZF,LFGVN6180B,Ravel Group,Maanas Mangal,"H.No. 464, Ghose Zila, Dhule-166589",2025-05-19,6051419.22
33RSDOL5680H1ZR,RSDOL5680H,"Kumar, Choudhary and Dass",Luke Issac,"302, Sathe Nagar, Morbi-270551",2025-11-02,12318938.29
07ALQAU5412C4Z4,ALQAU5412C,Mital-Edwin,Yochana Sachar,"H.No. 682, Bains Path, Kirari Suleman Nagar-452947",2015-11-25,1620692.69
36RQCZT3097O1ZV,RQCZT3097O,"Behl, Som and Johal",Fitan Bhardwaj,"411, Dass Marg, Panipat 534199",2020-02-07,6903995.92
29TUFKL9494W2Z1,TUFKL9494W,"Bhalla, Sodhi and Rajan",Ekaraj More,"35, Chana, Buxar-712020",2015-09-08,8175744.78
06PDPBZ4760M4ZZ,PDPBZ4760M,Master-Samra,Jackson Ray,"H.No. 867, Zachariah Circle, Vellore 595905",2021-07-22,7956167.46
33JUERL2771K9Z4,JUERL2771K,Arya-Dugal,Chandani Johal,"99/29, Raman Nagar, Berhampore 117626",2022-08-20,419681.19
29OZNMI0316Q7ZU,OZNMI0316Q,Pal-Mohan,Gautam Sampath,"H.No. 786, Naik Nagar, Visakhapatnam 216662",2020-10-17,9113396.32
06CWIJH5544Y4ZZ,CWIJH5544Y,Tak-Bakshi,Simon Doctor,"H.No. 69, Nadkarni, Agra-652354",2015-09-12,5838832.25
33LQFLG6054J6Z3,LQFLG6054J,"Suresh, Dewan and Vora",Karan Narang,"337, Bhargava Road, Bijapur 156168",2024-05-07,14683365.26
19PDXJR9723R6ZL,PDXJR9723R,Sridhar-Agate,Sai Trivedi,"H.No. 97, Dar Street, Parbhani 515208",2019-02-16,8604398.01
24NQVYR1871Z7Z4,NQVYR1871Z,"Devi, Bhavsar and Ganesan",Onveer Sen,"68/303, Lala, Nagpur 344148",2025-07-11,20935316.27
29RHKQP9117K8ZM,RHKQP9117K,Om-Dayal,Udarsh Sarraf,"H.No. 410, Barman, Gandhidham 458586",2025-09-19,27941029.23
33XQXXN0686X8ZB,XQXXN0686X,"Buch, Kaur and Raja",Pallavi Sem,"194, Puri Marg, Bhilwara 635018",2021-11-27,1019104.84
19VFTLC0226Q9Z0,VFTLC0226Q,Mody-Grover,Mohini Dewan,"61/499, Johal, Tenali-746126",2025-05-29,30903416.74
29VKGNQ2856J1ZO,VKGNQ2856J,"Modi, Swaminathan and Dash",Vincent Kalla,"H.No. 19, Palan Path, Ghaziabad 226332",2025-09-10,33987453.47
33YEHQG7413N3Z7,YEHQG7413N,Kannan-Kibe,Eesha Sankaran,"09/011, Parmer Zila, Eluru-024300",2024-03-29,810202.09
09ICJVT9078W5Z0,ICJVT9078W,Dugar-Garg,Zehaan Sankar,"H.No. 04, Doctor Ganj, Muzaffarnagar 341682",2016-05-12,7917231.67
33AQUSC1512F7ZT,AQUSC1512F,Dani-Arora,Ucchal Korpal,"H.No. 13, Shenoy Zila, Moradabad 241735",2020-10-10,20602568.32
09RDHMM1867E1ZU,RDHMM1867E,Barman-Nadig,Yashasvi Tank,"H.No. 419, Gokhale Zila, Dhule 764689",2015-05-06,6566111.14
36ADJGA6632V7Z0,ADJGA6632V,"Wable, Dhar and Roy",Zashil Arora,"25/16, Khosla Ganj, Kurnool 509979",2019-10-11,33362382.83
09MKRZT9949S5Z8,MKRZT9949S,Mitter LLC,Yashodhara Minhas,"068, Rao Zila, Raichur-534605",2018-08-16,25506668.49
06EAYUZ7475F5Z6,EAYUZ7475F,Das-Taneja,Kashvi Johal,"64/941, Kashyap Ganj, Vijayawada 438543",2015-08-14,18999209.18
29MREVK0679V5ZK,MREVK0679V,"Nath, Walla and Parekh",Indali Anand,"36/083, Chad Nagar, Kurnool-235970",2023-01-07,115155.15
29CXBQL9434Z8ZQ,CXBQL9434Z,Walia and Sons,Tanmayi Wable,"15/96, Chadha Nagar, Dehradun-318251",2025-07-07,1302111.05
19HJDSX9076L2ZE,HJDSX9076L,Mammen-Dhar,Anya Wali,"35/185, Sood Marg, Nadiad-144472",2025-12-01,8349894.00
32NPDEW0205J2ZP,NPDEW0205J,Kannan-Chokshi,Ekavir Khanna,"30/115, Deshmukh Circle, Amritsar-894159",2018-05-31,9120137.89
07TSRIZ6159K3ZV,TSRIZ6159K,Pillai-Gaba,Caleb Sengupta,"H.No. 52, Chokshi Circle, Bihar Sharif-449948",2024-09-20,147911.53
27VCBST9290X8Z7,VCBST9290X,Lall PLC,Anika Sathe,"52/886, Krishna Street, Gaya-323358",2021-03-09,10874521.45
27UBCNU4517Q3Z2,UBCNU4517Q,Ramanathan and Sons,Zaid Sahni,"275, Som Road, Sri Ganganagar 535587",2024-10-19,20659376.38
24EKYPA0932E1ZK,EKYPA0932E,Sethi-Vohra,Naksh Keer,"H.No. 77, Manda Chowk, Jabalpur 602612",2020-07-12,26848101.04
33IRPEW8962K8ZF,IRPEW8962K,"Bahri, Desai and Borra",Hredhaan Khare,"H.No. 670, Naidu Ganj, Tirunelveli 056689",2025-04-06,5734338.79
19XJDDK6168M1ZW,XJDDK6168M,Dixit-Khalsa,Balhaar Devi,"H.No. 213, Shere Chowk, Chapra 561942",2015-01-18,3191271.31
07OLDLF0821X7ZJ,OLDLF0821X,"Thakkar, Sridhar and Boase",Yuvraj Palla,"58/373, Puri Path, Gorakhpur-267154",2016-10-23,4390398.35
36IQYQS5099L9Z5,IQYQS5099L,Mani LLC,Devansh Kamdar,"H.No. 368, Joshi Nagar, Panchkula-417435",2014-11-18,5436845.77
06XVOLH0410U7ZQ,XVOLH0410U,Tiwari-Pandey,Yuvraj Shenoy,"64/962, Bali Zila, Kurnool-573666",2018-10-25,17700348.79
32CHMTQ0967I7ZO,CHMTQ0967I,Mital-Mital,Maanas Atwal,"291, Samra Marg, Dehradun-470418",2024-03-07,2111512.56
24UCQYM4246E2Z6,UCQYM4246E,"Talwar, Tank and Baria",Wakeeta Natt,"24/52, Wable Street, Pondicherry 677395",2016-11-24,12203679.70
24UMBOI6126X4Z7,UMBOI6126X,Trivedi Ltd,Oscar Wable,"71/05, Sarkar Nagar, Asansol 733611",2019-08-25,8547587.62
33TKLMB2226V4ZO,TKLMB2226V,Sawhney-Reddy,Mason Khare,"36, Gera Circle, Naihati 934060",2022-11-20,27815258.72
07YNUAT0111X3Z6,YNUAT0111X,"Handa, Gade and Lad",Chaitaly Khosla,"53, Deo Nagar, Katihar 608572",2018-09-14,3102930.97
33ZIXNC4504G5ZM,ZIXNC4504G,Swamy Ltd,Siya Yohannan,"626, Divan Chowk, Jehanabad-513272",2022-09-11,10135368.78
27FODAF7319E8ZD,FODAF7319E,Deol-Banik,Dominic Pal,"H.No. 005, Mishra Circle, Faridabad-174523",2014-10-17,12195593.68
09KIBXY9952R3Z4,KIBXY9952R,Arya Inc,Manthan Deep,"09/33, Sathe Path, Anand-918075",2017-01-27,9070691.35
36XGOPM4689Q1ZT,XGOPM4689Q,Barad-Maharaj,Gautami Thaman,"H.No. 803, Krishna Nagar, Bhind 473296",2023-07-18,26488194.67
07CRZEK1633G8ZM,CRZEK1633G,"Ahuja, Bakshi and Kala",Bishakha Keer,"48/718, Kale Circle, Suryapet-118855",2016-10-05,13970339.44
33RIFAN8186S5ZN,RIFAN8186S,Comar Inc,Eiravati Chopra,"875, Iyengar Road, South Dumdum-020667",2023-10-29,6270754.93
29LWGDK6494D5Z5,LWGDK6494D,Barman-Rege,Balvan Srivastava,"H.No. 38, Bakshi Path, Danapur-583866",2022-07-22,2661138.84
07XHWKR5650M9ZQ,XHWKR5650M,Sura and Sons,Meera Sanghvi,"44/26, Shere, Belgaum-162879",2022-07-13,9964468.69
33FHKWT7008H2ZX,FHKWT7008H,Goswami-Warrior,Farhan Subramanian,"46/00, Korpal Marg, Thiruvananthapuram 837696",2025-10-28,19751004.94
32MBCQI2731R3ZH,MBCQI2731R,Pradhan and Sons,Ganga Pathak,"H.No. 81, Mangal Nagar, Vellore 906386",2017-11-07,21210092.97
36YKVDR5670M5ZH,YKVDR5670M,"Subramaniam, Memon and Kumar",George Tella,"35, Chana Ganj, Jalandhar 372800",2021-12-29,3166517.08
27NRCUW3688G6Z6,NRCUW3688G,Shukla PLC,Nidhi Bains,"H.No. 21, Acharya Ganj, Rewa-219234",2015-12-06,23542618.37
19JVDLT4524B3ZI,JVDLT4524B,Nanda Ltd,Chakrika Raval,"H.No. 748, Amble Marg, Singrauli 674906",2020-09-22,5454956.46
32SBUII9948E5Z8,SBUII9948E,Ramanathan Group,Widisha Chakraborty,"H.No. 00, Nayak Nagar, Sultan Pur Majra 244599",2018-03-03,30010329.57
09UQZMX2432J3ZK,UQZMX2432J,Sethi-Radhakrishnan,Kamala Nadkarni,"70, Nayak, Ongole 024561",2022-06-28,2885447.82
36HXXRX9600F8ZK,HXXRX9600F,Narang Ltd,Samar Pandya,"76/81, Rana, Raichur-694072",2015-02-10,4710296.82
33YLKQP4787V5ZA,YLKQP4787V,Varughese-Singhal,Hemal Prasad,"24/01, Konda Ganj, Aligarh 569849",2016-06-03,4731306.64
07EXCGN0261Z2Z4,EXCGN0261Z,Morar LLC,Ishaan Patel,"91, Comar Chowk, Bangalore-570022",2014-11-26,88547.54
33KRGFE0566Z2Z9,KRGFE0566Z,"Shenoy, Contractor and Bava",Odika Krishnan,"83/979, Wable, Unnao 567838",2018-08-07,2072335.96
27HPOMS7561S7ZU,HPOMS7561S,Sant-Bhargava,Aahana Bobal,"31/71, Sharaf Zila, Nandyal 520399",2018-11-12,4357477.23
19HLMSU1132M1ZI,HLMSU1132M,Ramesh-Sarma,Kamala Chokshi,"H.No. 83, Shere, Agartala 151727",2021-02-27,4494126.13
19RBGIP3417X1ZW,RBGIP3417X,"Dara, Sagar and Pant",Bina Ahluwalia,"H.No. 636, Krishna Road, Bijapur-796343",2021-01-03,226860.42
32TMFDB1390K5ZK,TMFDB1390K,Natt Group,Ucchal Mander,"92/11, Bhasin, Gudivada 441999",2020-07-02,1853893.24
27FVDYH2916T5ZA,FVDYH2916T,Kapadia Group,Maanas Kibe,"745, Morar Circle, Madhyamgram 427783",2020-05-22,18388166.08
09PSPBP7542Q1ZB,PSPBP7542Q,Shankar Inc,Shravya Sagar,"60/72, Ahluwalia Ganj, New Delhi 857725",2017-09-28,8828995.25
07UTKHQ9128S6Z7,UTKHQ9128S,Bhasin LLC,Manbir Madan,"66/99, Aggarwal Nagar, Ranchi 882562",2024-11-28,3123530.40
33OHGND1476X1Z9,OHGND1476X,Sankaran Ltd,Rushil Sule,"H.No. 52, Mammen Nagar, Ahmednagar 570545",2016-08-20,13941452.96
19SWGJA6032X8ZN,SWGJA6032X,Srinivas Ltd,Widisha Narang,"569, Sem Path, Hospet-837807",2020-07-09,2094371.92
29RAXMB8572A9ZW,RAXMB8572A,Ganguly-Chander,Brinda Oak,"300, Kapur Nagar, Chapra-522257",2014-09-27,22416647.07
29FNZOV2794L5ZV,FNZOV2794L,Deshmukh Ltd,Chakradev Saini,"H.No. 223, Merchant Ganj, Bhimavaram 404806",2022-08-02,23806513.61
36OXUKA0058J6ZV,OXUKA0058J,Ben and Sons,Omya Chana,"02/919, Issac, Bhubaneswar 582013",2025-07-18,1168635.89
09NXGRA9335Z1Z5,NXGRA9335Z,"Hayre, Bala and Dube",Faqid Vig,"H.No. 529, Mand Ganj, Bidar-791301",2019-05-28,12434720.13
07IVGKZ9890I5ZD,IVGKZ9890I,"Cherian, Garde and Mohan",Zansi Ganesan,"58/82, Date Nagar, Pondicherry 456631",2017-09-16,18571425.60
36PGFTN0037Y9Z6,PGFTN0037Y,"Om, Srinivasan and Brahmbhatt",Ranbir Narang,"71/062, Lala Path, Nagercoil 049175",2022-07-08,9675351.20
07CCCQR5528D3ZT,CCCQR5528D,"Subramaniam, Bhakta and Chakraborty",Vanya Bandi,"H.No. 10, Sodhi Ganj, Ramagundam-585312",2026-01-06,3185501.32
07FCAUF0667M8Z9,FCAUF0667M,Lalla PLC,David Kapoor,"665, Lata Zila, Gwalior-804679",2024-09-05,3790140.51
29QTZTD5838N2ZV,QTZTD5838N,"Mahal, Solanki and Deep",Omisha Kulkarni,"85/96, Sood Path, Bhiwani-660494",2025-02-11,18588109.56
29TOOXF4162Z9ZU,TOOXF4162Z,Dhillon PLC,Amruta Bhat,"629, Seth Ganj, Korba 094428",2017-12-04,3138161.54
24TJXMB0634G7ZT,TJXMB0634G,Sant Group,Omisha Sangha,"H.No. 739, Behl Circle, Tirupati 533482",2019-06-18,1120656.40
24JQZUC4810Z4Z2,JQZUC4810Z,Bumb Inc,Amol Nagar,"16/92, Nagar Circle, Ahmedabad 114170",2020-08-03,6871782.32
27JICCQ0573K8Z2,JICCQ0573K,Bedi PLC,Charita Jani,"93/881, Kala Circle, Sikar-196078",2024-02-18,15244184.10
29UAAWO8826R2ZL,UAAWO8826R,Chand PLC,Yatin Maharaj,"45, Apte Marg, Adoni 348851",2022-05-12,19933663.65
09DSEGI2514M7ZJ,DSEGI2514M,"Mahajan, Sridhar and Ratta",Nirja Dayal,"902, Chokshi Circle, Hindupur 047165",2026-04-11,786194.57
07TANDM6671U6Z1,TANDM6671U,"Deshmukh, Bera and Radhakrishnan",Lucky Acharya,"56/748, Agarwal Street, Bhusawal-573217",2021-12-10,6318359.50
07PRXYO6195K6ZS,PRXYO6195K,Pal Group,Megha Mall,"H.No. 868, Deshpande Ganj, Loni-351670",2023-04-26,7912548.22
07JLUVN1050G8ZQ,JLUVN1050G,Pandya-Behl,Indrajit Sidhu,"H.No. 81, Kohli Ganj, Berhampore-841161",2021-03-06,18520957.24
27NMSIY0726Q3ZI,NMSIY0726Q,"Aurora, Batra and Choudhry",Simon Sathe,"31/89, Borah Marg, Parbhani 739081",2021-04-20,13346265.55
36GHYYL1556S5Z3,GHYYL1556S,"Bajwa, Badal and Saxena",Pranit Bhardwaj,"25/492, Biswas Nagar, Ulhasnagar 274233",2019-06-20,23887854.29
07ESPYP9171T3Z1,ESPYP9171T,Kohli-Acharya,Krishna Dora,"35/271, Ahluwalia Marg, Kurnool 790664",2020-10-07,17776747.12
36BGVNI8548G8ZX,BGVNI8548G,Sunder PLC,Utkarsh Badami,"H.No. 357, Sheth Ganj, Deoghar-037642",2018-04-13,13138194.01
27VRPNB7411S8ZE,VRPNB7411S,Jha-Mani,Sai Sibal,"93/21, Sem Path, Jammu-971684",2014-10-09,3364940.62
19YKFBG9946Y2Z0,YKFBG9946Y,Tara Ltd,Max Deshpande,"94/098, Karpe, Gopalpur 866958",2018-03-30,4624990.51
19OOILD5172P1ZQ,OOILD5172P,"Cheema, Shah and Garde",Gaurangi Swaminathan,"H.No. 65, Goyal Circle, Dehri 824713",2015-07-24,15231803.45
19ZUIZB4379N8Z3,ZUIZB4379N,Pau-Barad,Max Dugar,"H.No. 96, Oza Marg, Hyderabad 432930",2021-09-09,1260304.39
27TVSYE1190W1ZI,TVSYE1190W,"Bali, Mitter and Garde",Ikshita Bandi,"27/106, Bal Chowk, Siwan 899818",2020-06-06,6779426.90
29WXAQQ1274L8ZH,WXAQQ1274L,Bhat and Sons,Victor Oza,"01/66, Maharaj Street, Pudukkottai 271265",2021-02-23,10295339.12
07ODZUS4769X8ZP,ODZUS4769X,"Gala, Pall and Murthy",Dhruv Sachar,"H.No. 803, Wali Road, Mango 904971",2024-11-23,4012472.35
32PPFLH0509E7ZC,PPFLH0509E,Sunder-Chacko,Anjali Rattan,"933, Kibe Chowk, Thanjavur 602673",2024-02-26,2410018.25
32KRRXE5623N6ZU,KRRXE5623N,Sura PLC,Kashish Vasa,"54/704, Palan Marg, Shimoga-295733",2022-07-11,2291465.67
32IMHDK7054K6ZV,IMHDK7054K,Chanda Inc,Darika Gala,"H.No. 93, Bora Path, South Dumdum 768135",2025-05-11,14848069.30
27WPUOR4837Q7ZA,WPUOR4837Q,"Khare, Nagarajan and Tank",Prisha Ram,"688, Lal Chowk, Khandwa 322102",2026-02-06,29552377.82
33BABTH1975E3ZS,BABTH1975E,Mistry LLC,Watika Kar,"48, Deo Road, Ballia-021406",2021-08-09,17098628.31
07EGVHJ2954B3Z8,EGVHJ2954B,Kata LLC,Lucky Basu,"H.No. 72, Kadakia, Jaunpur 089456",2018-12-26,59127930.03
33VTCTZ9301A9Z7,VTCTZ9301A,Sachar PLC,Bhanumati Wason,"959, Sachdev Marg, Bokaro-699979",2023-02-15,35753662.89
06QYOAC5293I2Z3,QYOAC5293I,Dhingra-Ghose,Warjas Shere,"489, Chana Marg, Tezpur 781756",2020-06-03,1734224.67
29FXJXC8920P1ZW,FXJXC8920P,Wadhwa-Dayal,Oviya Bhavsar,"80/27, Goel Nagar, Kakinada 382333",2021-02-02,2633605.25
27KNMVG1597Y3ZK,KNMVG1597Y,"Kurian, Kanda and Dyal",Rajata Sekhon,"084, Khurana Circle, Sagar-264715",2026-03-14,24475545.39
24LOAJT1757B2Z2,LOAJT1757B,Ahluwalia Group,Raksha Basak,"H.No. 422, Rattan Path, Ambarnath 297538",2018-04-29,106465.70
07NJBLR5312H4Z9,NJBLR5312H,Jani LLC,Udyati Mane,"61/60, Yohannan Street, Madurai-944603",2018-06-04,1766516.66
32YYTEC1804M8ZH,YYTEC1804M,Bala PLC,Naveen Sandal,"563, Subramaniam Marg, Pune-982509",2016-05-10,2537107.51
24IXXRM7885T3ZC,IXXRM7885T,Johal Group,Wahab Sarkar,"225, D’Alia Zila, Kurnool-379296",2016-03-24,3401528.45
06JCESQ4401H4ZF,JCESQ4401H,Lad-Badal,Tanay Rai,"74/13, Rastogi Circle, Phagwara-903126",2020-04-29,5249208.12
32UQANO0866A9ZC,UQANO0866A,Dutta-Sarraf,Ojasvi Venkataraman,"01/77, Bedi Nagar, Arrah-406888",2023-11-30,1565983.29
27HJREF1020K7ZW,HJREF1020K,"Misra, Prabhakar and Mutti",Sudiksha Doctor,"H.No. 55, Tella Circle, Thrissur-669156",2025-08-04,1166312.89
32AICVC4170Z4ZD,AICVC4170Z,Vasa Group,Jagrati Sarraf,"437, Manne Zila, Shimoga-997995",2019-01-06,8890977.33
09CRGLY6901S8Z5,CRGLY6901S,"Swamy, Gala and Mallick",Girish Cheema,"H.No. 46, Char Ganj, Bathinda-429856",2019-09-05,36465355.88
27KNAQF9234Y5ZN,KNAQF9234Y,"Saxena, Shah and Prakash",Yagnesh Taneja,"H.No. 62, Guha Path, Vellore 957250",2014-10-05,605805.22
06MHXSA2815T2ZI,MHXSA2815T,Hayre Group,Ishanvi Warrior,"50, Bali Circle, Bangalore 621588",2017-11-25,3721546.24
06MXXOE0893X6ZX,MXXOE0893X,Dar-Mallick,Gaurang Radhakrishnan,"54/82, Kant Road, Rewa 141820",2015-08-09,5070003.00
27GNPKP3217D2ZV,GNPKP3217D,Sandal-Arora,Anthony Suri,"92, Manda Circle, New Delhi 407566",2023-04-17,9777525.66
06HLDVN7065B6ZF,HLDVN7065B,Kala Ltd,Kevin Vora,"H.No. 910, Malhotra Ganj, Tiruchirappalli-088147",2023-11-26,3762512.10
33HOBRJ1161V8ZZ,HOBRJ1161V,Chakraborty-Khurana,Tanveer Puri,"381, Bhagat Marg, Lucknow-776911",2026-05-26,23383549.43
07NRCAX4473T8Z1,NRCAX4473T,Walla and Sons,Vamakshi Vig,"91, Mammen Path, New Delhi 999680",2018-11-12,14300680.47
29EKIUT2015E4ZG,EKIUT2015E,"Gaba, Warrior and Saraf",Om Bains,"620, Loke Zila, Bhind 557406",2023-05-13,10447963.58
29KCUHK2716W8ZY,KCUHK2716W,Sant Inc,Abha Venkataraman,"H.No. 95, Raju Zila, Moradabad-935727",2026-03-06,1044010.33
09HHAXH2035W9ZU,HHAXH2035W,Sanghvi Group,Aditya Iyengar,"53/17, Raghavan Street, Malegaon 539660",2019-12-15,2466577.04
09JENSG4882O4Z5,JENSG4882O,Date-Dhillon,Yash Gara,"H.No. 477, Ramaswamy Zila, Karawal Nagar-479714",2018-07-05,22703930.00
29GCTPC6843P2Z9,GCTPC6843P,Singh and Sons,Samarth Saxena,"H.No. 71, Johal Street, Bidar 052617",2015-04-09,6378958.75
24UZUVS8931I6ZO,UZUVS8931I,"Ghose, Rai and Basu",Triveni Shah,"33, Kade Nagar, Parbhani 188198",2015-12-24,24971160.25
36KKPKE5658F8ZB,KKPKE5658F,"Devi, Soman and Mohan",Vasana Batta,"09/22, Gera Street, Bhalswa Jahangir Pur-362110",2022-08-20,453630.28
32EFJJL9665K4Z8,EFJJL9665K,Ray-Ramanathan,Omya Narasimhan,"13, Dayal Circle, Sasaram 063519",2026-01-10,616633.32
09JLBCF2710N5ZH,JLBCF2710N,"Saxena, Shetty and Sawhney",Samarth Sidhu,"05/03, Kar Ganj, Madhyamgram-014202",2024-11-09,17727754.03
24DBFYV4351G7Z5,DBFYV4351G,Sahni and Sons,Upasna Wadhwa,"H.No. 556, Mittal Ganj, Kollam 791136",2024-10-10,18636035.60
27PDZVF6525V7ZJ,PDZVF6525V,Salvi-Kapadia,Yug Brar,"14/959, Muni Street, Madhyamgram-242691",2015-05-21,6969640.29
24BGJQX0729A8Z6,BGJQX0729A,Edwin-Andra,Kevin Dass,"90/18, Chopra Ganj, Tiruvottiyur 376472",2018-10-03,29718718.02
33VTGUG7325P2ZU,VTGUG7325P,"Bava, Taneja and Iyengar",Chaitanya Kumar,"87/98, Dhingra Zila, Durgapur 674712",2023-06-30,16938224.37
32HQLVK4704M6ZA,HQLVK4704M,Maharaj Group,Priya Srinivas,"39/63, Varkey Circle, Darbhanga 372717",2022-02-24,20372196.58
24JFDII9351U9ZS,JFDII9351U,"Dutta, Ratta and Narayan",Forum Ravel,"H.No. 63, Mangal Marg, Muzaffarpur-882713",2025-04-30,8745063.31
33MXSJX3368Q3ZA,MXSJX3368Q,Rai-D’Alia,Yatin Malhotra,"H.No. 73, Edwin Zila, Delhi 817427",2022-03-20,14566481.35
27PHOVR2748I5ZB,PHOVR2748I,Krish-Chadha,Aishani Naidu,"52/728, Dalal Road, Junagadh-031909",2025-08-24,351903.45
19SATBK7293J7ZG,SATBK7293J,Prabhakar Group,Caleb Pathak,"31/81, Bumb Zila, Kochi-781497",2019-10-30,13703829.87
32OMFSL9662F7ZT,OMFSL9662F,Keer Group,Varsha Pandey,"28/23, Baral Zila, Firozabad-486350",2018-02-28,7837400.84
06FJVZR9618X6Z5,FJVZR9618X,Sheth-Bhattacharyya,Kashvi Varty,"32, Modi Street, Chittoor 351386",2021-01-31,7655165.92
33WNCDM9802P8ZI,WNCDM9802P,"Khatri, Jhaveri and Peri",Harish Roy,"H.No. 89, Ram, Bhiwandi 465907",2026-03-20,11756331.51
09GHWIU3206R5Z3,GHWIU3206R,Krish Ltd,Sanya Baria,"61/73, Ahluwalia, Dhule 443258",2018-03-05,1583363.70
29KFUAQ0572H3Z7,KFUAQ0572H,"Sanghvi, Kapoor and Bhatt",Yoshita Deep,"H.No. 099, Puri Circle, Bangalore-544045",2022-04-06,2158849.46
06VNEJF1750E4ZF,VNEJF1750E,Chokshi Group,Shravya Acharya,"38, Pradhan Zila, Sangli-Miraj & Kupwad 927603",2023-07-05,2573423.28
06AHUQO8076Q9ZO,AHUQO8076Q,"Bajaj, Srivastava and Chakraborty",Gaurika Sastry,"53/284, Nazareth Zila, Satara-375299",2024-05-11,2285241.23
27MAEEN4021R7ZX,MAEEN4021R,Prashad Ltd,Bakhshi Wagle,"567, Sahota Nagar, Hapur-700784",2023-02-19,1629805.82
27FKVLT5756D4ZW,FKVLT5756D,Lanka LLC,Chavvi Vala,"74, Dugar Road, Warangal-636613",2023-11-04,1466458.16
06OPSVU7370D7Z1,OPSVU7370D,Atwal Ltd,Chavvi Vala,"67, Chad, Tadepalligudem 284619",2023-12-26,2873832.17
29MHZVH1438Z7ZA,MHZVH1438Z,"Patla, Palan and Hora",Garima Aggarwal,"H.No. 41, Narula Road, Avadi-341991",2022-09-06,1731127.52
06TUKAG6778K4ZO,TUKAG6778K,Lata-Sekhon,Ekbal Agate,"86, Sarraf Circle, Gorakhpur 476006",2024-09-13,1652130.64
24NFIYM5073X9ZH,NFIYM5073X,Grover Inc,Warinder Chana,"86/452, Ghose Street, Siliguri-661708",2020-08-28,1829808.07
32GQYOV4866A8ZO,GQYOV4866A,Sarma LLC,Samaksh Hayre,"35/29, Ramaswamy Zila, Kharagpur-204312",2024-08-30,4628621.91
27UWJLZ7709C7ZI,UWJLZ7709C,Oak LLC,Rishi Basak,"H.No. 984, Venkataraman Nagar, Bijapur-944968",2021-02-02,3631785.42
09AMLYL2707K4ZU,AMLYL2707K,Vohra-Tak,Luke Balay,"32/236, Ben Path, Munger-952251",2023-10-28,4778712.67
06OOXVZ2627W6ZO,OOXVZ2627W,Khatri-Shukla,Aayush Lall,"16/262, Bose Chowk, Haridwar-332111",2022-01-27,1847009.59
33CZNEZ8065Y7ZD,CZNEZ8065Y,Bhardwaj-Sankar,Aayush Lall,"23/161, Kapur Ganj, South Dumdum-619472",2024-04-22,1402569.40
32HOKUJ7894D8Z2,HOKUJ7894D,Thakkar LLC,Advika Sabharwal,"H.No. 970, Oak Chowk, Sri Ganganagar-941328",2023-09-28,2474725.21
36WHMZR4442S3ZK,WHMZR4442S,Palla-Bava,Umang Ratta,"H.No. 16, Yohannan Ganj, Sangli-Miraj & Kupwad 366428",2022-03-01,1432130.14
36ZCCCD4974O2ZA,ZCCCD4974O,Rao-Devi,Atharv Venkataraman,"01, Khanna Ganj, Malegaon 403936",2020-10-26,2395715.89
36QQYQU9740L2ZK,QQYQU9740L,"Modi, Mitter and More",Urishilla Menon,"18/81, Nanda Street, Ratlam-368607",2021-12-23,2947644.41
19NQOJF3697J4ZY,NQOJF3697J,"Chana, Garde and Chauhan",Urishilla Menon,"19/060, Verma Road, Katihar 160355",2022-06-14,1581934.24
09RXRCT3605O6ZF,RXRCT3605O,Sodhi Group,Radha Narain,"06, Vasa Circle, Bhiwani 112770",2021-02-21,1661935.63
33HYWQW9737J5ZC,HYWQW9737J,"Rattan, Lall and Baria",Onveer Deshpande,"H.No. 43, Randhawa Chowk, Amravati 015040",2021-09-25,2078807.86
07JWQOX0177Y9ZX,JWQOX0177Y,Cheema-Garg,Urvashi Comar,"17/030, Narayanan Chowk, Ludhiana-558072",2024-03-01,1781595.80
27ZQNLT1825X6Z3,ZQNLT1825X,Mammen-Aurora,Teerth Mohan,"95/53, Deshpande Ganj, Vadodara 863250",2021-08-09,3508526.04
19ZEPUB4997V3ZE,ZEPUB4997V,Kade PLC,Balendra Palla,"309, Lanka Nagar, Ballia-361869",2023-07-15,2970595.65
06LJTGV4000W3ZW,LJTGV4000W,Mitra-Sarma,Yadavi Balan,"79/851, Agrawal Road, Mehsana-563831",2022-12-15,1908324.94
24QPZFP0576F3ZJ,QPZFP0576F,Sane Group,Arjun Wagle,"41/741, Batta Street, Kavali 446180",2022-01-28,2733590.19
36NTXZA0245A6ZM,NTXZA0245A,"Sinha, Soni and Bhatia",Abhiram Cherian,"46/244, Mane Street, Anand-145712",2023-06-15,2280612.28
27PJSUV8071Q1ZJ,PJSUV8071Q,Pillai-Ganesh,Lakshmi Singhal,"610, Oza Road, Orai-994730",2022-04-21,3378813.93
19JBJEQ3168S1ZF,JBJEQ3168S,"Bail, Ganguly and Tank",Bhanumati Brahmbhatt,"561, Dasgupta Road, Warangal-545944",2022-05-29,2787964.02
19TNPPR8445F7ZJ,TNPPR8445F,"Murthy, Sankar and Ranganathan",Gaurang Bains,"50, Jaggi Marg, Bulandshahr-945138",2024-09-04,6193726.36
27WLJGK1078W6ZI,WLJGK1078W,Sanghvi-Mutti,Nihal Chakraborty,"84/21, Raman Zila, Surendranagar Dudhrej 090729",2021-02-28,4981645.52
32AIUFV4441D9Z8,AIUFV4441D,Shere-Sood,Chavvi Prabhu,"83/72, Varghese, Hapur 427893",2024-01-26,5741624.94
36ERLEO7152P2ZE,ERLEO7152P,"Natarajan, Ramakrishnan and Tak",Simon Pai,"841, Aggarwal, Pali-154805",2023-05-26,3990911.36
24RLNHS1497Z5ZQ,RLNHS1497Z,"Dara, Andra and Dua",Aryan Wadhwa,"78/852, Thaker Street, Sirsa 062089",2024-08-27,4089789.57
33MQZOM0726C9ZN,MQZOM0726C,"Dani, Oza and Gaba",Chaitaly Lal,"69, Ben Circle, North Dumdum 841984",2020-12-12,5571437.40
33WIJHL5447R5ZS,WIJHL5447R,"Prashad, Nair and Goyal",Ishaan Nagy,"74/776, Ravi Ganj, Udaipur 744261",2020-10-28,4028082.99
29RJWEG3133Y1Z2,RJWEG3133Y,Kari-Krishnamurthy,Ucchal Kashyap,"296, Sibal Circle, Kolhapur 387343",2024-05-17,6238171.65
27OQXVK0497E5Z7,OQXVK0497E,"Venkatesh, Kapur and Sharma",Dipta Gulati,"H.No. 799, Shroff Marg, Kottayam-702349",2024-05-15,3567826.00
07HDWSE4131T2ZT,HDWSE4131T,Kara-Kant,Samar Behl,"H.No. 26, Bhatnagar, Begusarai-092225",2024-10-20,3756534.36
19EIWXH2432H9ZD,EIWXH2432H,"Viswanathan, Sodhi and Balay",Oeshi Krishna,"03, Lal Road, Danapur-920967",2025-03-07,1241831.93
24FQSBA8710L8Z1,FQSBA8710L,"Mandal, Chatterjee and Mutti",Diya Bhalla,"H.No. 79, Uppal Road, Korba 273589",2025-03-19,2349611.05
09DRQGH8911C6ZW,DRQGH8911C,Halder Ltd,Nidhi Sachdev,"H.No. 526, Mody, Hospet-632328",2024-07-26,3419360.45
